product_name,product_price,product_link
Оперативная память ddr4 8gb 3600MNz corsair vengea в Омске,5000,/omsk/tovary_dlya_kompyutera/operativnaya_pamyat_ddr4_8gb_3600mnz_corsair_vengea_2145164458
"4GB DDR4 1,2V, 2шт Оперативная память 8G в Омске",1000,/omsk/tovary_dlya_kompyutera/4gb_ddr4_12v_2sht_operativnaya_pamyat_8g_2095003495
Оперативная память ddr4 4gb 2400 в Омске,1200,/omsk/tovary_dlya_kompyutera/operativnaya_pamyat_ddr4_4gb_2400_2117739347
Оперативная память ddr4 8gb 2666 samsung в Омске,3200,/omsk/tovary_dlya_kompyutera/operativnaya_pamyat_ddr4_8gb_2666_samsung_2130016178
Оперативная память ddr4 в Омске,3500,/omsk/tovary_dlya_kompyutera/operativnaya_pamyat_ddr4_2129463143
Озу Hyperx Red Furry ddr4 в Омске,5500,/omsk/tovary_dlya_kompyutera/ozu_hyperx_red_furry_ddr4_1965985245
Оперативная память ddr4 8gb 2133 в Омске,2200,/omsk/tovary_dlya_kompyutera/operativnaya_pamyat_ddr4_8gb_2133_2117672352
DDR4 оперативная память на 6GB двумя планками в Таврическом,1500,/tavricheskoe/tovary_dlya_kompyutera/ddr4_operativnaya_pamyat_na_6gb_dvumya_plankami_2096839734
Оперативная память ddr4 4gb 2133 в Омске,2000,/omsk/tovary_dlya_kompyutera/operativnaya_pamyat_ddr4_4gb_2133_2121820785
Оперативная память ddr4 6gb для ноутбука в Омске,800,/omsk/tovary_dlya_kompyutera/operativnaya_pamyat_ddr4_6gb_dlya_noutbuka_2137494913
DDR4 4GB 2400 в Омске,1600,/omsk/tovary_dlya_kompyutera/ddr4_4gb_2400_2136675679
Ноутбучная память ddr4 4гб Hynix новая в Омске,1700,/omsk/tovary_dlya_kompyutera/noutbuchnaya_pamyat_ddr4_4gb_hynix_novaya_1513375597
Оперативная память Crucial DDR4 4GB 2666 мгц в Омске,1700,/omsk/tovary_dlya_kompyutera/operativnaya_pamyat_crucial_ddr4_4gb_2666_mgts_2141308058
Оперативная память ddr4 sodimm в Омске,1000,/omsk/tovary_dlya_kompyutera/operativnaya_pamyat_ddr4_sodimm_2088892364
Оперативная память для ноутбука ddr4 8GB в Омске,2250,/omsk/tovary_dlya_kompyutera/operativnaya_pamyat_dlya_noutbuka_ddr4_8gb_2125967946
Оперативная память DDR4 Samsung 2Gb для ноутбука в Омске,300,/omsk/tovary_dlya_kompyutera/operativnaya_pamyat_ddr4_samsung_2gb_dlya_noutbuka_2126679579
Оперативная память ddr4 в Омске,3500,/omsk/tovary_dlya_kompyutera/operativnaya_pamyat_ddr4_2111037839
Оперативная память для ноутбука ddr4 4gb в Омске,1000,/omsk/tovary_dlya_kompyutera/operativnaya_pamyat_dlya_noutbuka_ddr4_4gb_2103088729
Ddr4 8gb 2666 Mhz в Омске,2500,/omsk/tovary_dlya_kompyutera/ddr4_8gb_2666_mhz_2118735026
Оперативная память ddr4 8gb 2666 в Омске,1100,/omsk/tovary_dlya_kompyutera/operativnaya_pamyat_ddr4_8gb_2666_2091498870
Оперативная память DDR4-2400-4GB в Омске,1250,/omsk/tovary_dlya_kompyutera/operativnaya_pamyat_ddr4-2400-4gb_2141082824
Оперативная память для ноутбука ddr4 4gb и 2gb в Омске,1600,/omsk/tovary_dlya_kompyutera/operativnaya_pamyat_dlya_noutbuka_ddr4_4gb_i_2gb_2116305982
DDR 4 для ноутбука 4+4 возможен обмен в Омске,1000,/omsk/tovary_dlya_kompyutera/ddr_4_dlya_noutbuka_44_vozmozhen_obmen_1980717868
Оперативная память с гарантией DDR2 DDR3 DDR4 в Омске,200,/omsk/tovary_dlya_kompyutera/operativnaya_pamyat_s_garantiey_ddr2_ddr3_ddr4_2022678209
Оперативная память DDR3 DDR4 в Омске,1500,/omsk/tovary_dlya_kompyutera/operativnaya_pamyat_ddr3_ddr4_2015497953
Оперативная память ddr4 4gb 2400 в Омске,1500,/omsk/tovary_dlya_kompyutera/operativnaya_pamyat_ddr4_4gb_2400_2133746441
Оперативная память ddr4 4Гб в Омске,1400,/omsk/tovary_dlya_kompyutera/operativnaya_pamyat_ddr4_4gb_2091020865
"Ddr1,ddr2, ddr3, ddr4 в Омске",300,/omsk/tovary_dlya_kompyutera/ddr1ddr2_ddr3_ddr4_2110082786
Память sodimm DDR4 4Gb AMD Radeon R7 2133MHz в Омске,1500,/omsk/tovary_dlya_kompyutera/pamyat_sodimm_ddr4_4gb_amd_radeon_r7_2133mhz_2095548071
DDR4 Redion memory 4Gb в Омске,899,/omsk/tovary_dlya_kompyutera/ddr4_redion_memory_4gb_2038935113
Оперативная память ddr4 8gb для ноутбука в Омске,3000,/omsk/tovary_dlya_kompyutera/operativnaya_pamyat_ddr4_8gb_dlya_noutbuka_2134934346
Оперативная память для ноутбука ddr4 4gb в Омске,1000,/omsk/tovary_dlya_kompyutera/operativnaya_pamyat_dlya_noutbuka_ddr4_4gb_2101889798
Оперативная память ddr4 6 gb в Омске,500,/omsk/tovary_dlya_kompyutera/operativnaya_pamyat_ddr4_6_gb_1997873367
Kingston HyperX fury Black Series DDR4 4 gb в Омске,2100,/omsk/tovary_dlya_kompyutera/kingston_hyperx_fury_black_series_ddr4_4_gb_2013720766
Оперативная память ddr4 4gb 2133 в Омске,1000,/omsk/tovary_dlya_kompyutera/operativnaya_pamyat_ddr4_4gb_2133_2062912829
Оперативная память ddr4 16gb corsair lpx 2400 stoc в Омске,5500,/omsk/tovary_dlya_kompyutera/operativnaya_pamyat_ddr4_16gb_corsair_lpx_2400_stoc_2107321316
Оперативная память ddr4 16gb в Омске,6000,/omsk/tovary_dlya_kompyutera/operativnaya_pamyat_ddr4_16gb_2135141136
Оперативная память ddr4 16 gd в Омске,4000,/omsk/tovary_dlya_kompyutera/operativnaya_pamyat_ddr4_16_gd_2047431272
Оперативная память ddr4 8gb 2133 HyperX в Омске,4500,/omsk/tovary_dlya_kompyutera/operativnaya_pamyat_ddr4_8gb_2133_hyperx_2134373006
Оперативная память для ноутбука ddr4 8gb в Омске,4400,/omsk/tovary_dlya_kompyutera/operativnaya_pamyat_dlya_noutbuka_ddr4_8gb_2138307502
Оперативная память DDR4 4 Gb Samsung в Омске,1000,/omsk/tovary_dlya_kompyutera/operativnaya_pamyat_ddr4_4_gb_samsung_2062514135
Оперативная память ddr4 2gb в Омске,200,/omsk/tovary_dlya_kompyutera/operativnaya_pamyat_ddr4_2gb_2091553052
Samsung DDR4 2666 16GB x 2 (32GB) в Омске,9500,/omsk/tovary_dlya_kompyutera/samsung_ddr4_2666_16gb_x_2_32gb_2093194467
Оперативная память для ноутбука ddr4 2gb и 4gb в Омске,...,/omsk/tovary_dlya_kompyutera/operativnaya_pamyat_dlya_noutbuka_ddr4_2gb_i_4gb_2090322574
Оперативная память ddr4 2400 8gb в Омске,2200,/omsk/tovary_dlya_kompyutera/operativnaya_pamyat_ddr4_2400_8gb_2137593956
Оперативная память ddr4 4gb для ноутбука в Омске,1300,/omsk/tovary_dlya_kompyutera/operativnaya_pamyat_ddr4_4gb_dlya_noutbuka_2140035878
DDR4 samsung 16GB 2666MHZ в Омске,6000,/omsk/tovary_dlya_kompyutera/ddr4_samsung_16gb_2666mhz_2126032320
Память Kingston DDR4 16Gb ecc reg в Омске,4000,/omsk/tovary_dlya_kompyutera/pamyat_kingston_ddr4_16gb_ecc_reg_2089256770
Оперативная память ddr3 ddr4 в Омске,1500,/omsk/tovary_dlya_kompyutera/operativnaya_pamyat_ddr3_ddr4_2030013507
Оперативная память ddr4 для ноутбука 4gb в Омске,1400,/omsk/tovary_dlya_kompyutera/operativnaya_pamyat_ddr4_dlya_noutbuka_4gb_2058648403
product_name,product_price,product_link
Оперативная память в Омске,1000,/omsk/tovary_dlya_kompyutera/operativnaya_pamyat_2087851159
Оперативная память в Омске,1190,/omsk/tovary_dlya_kompyutera/operativnaya_pamyat_2097672545
Оперативная память 2 GB DDR4 SK hynix в Омске,700,/omsk/tovary_dlya_kompyutera/operativnaya_pamyat_2_gb_ddr4_sk_hynix_1862366671
Оперативная память в Омске,300,/omsk/tovary_dlya_kompyutera/operativnaya_pamyat_2068324630
Оперативная память в Омске,5000,/omsk/tovary_dlya_kompyutera/operativnaya_pamyat_2118973167
Озу DDR3 8 Гб (2 модуля по 4 Гб) в Омске,2000,/omsk/tovary_dlya_kompyutera/ozu_ddr3_8_gb_2_modulya_po_4_gb_2067466493
Оперативная память в Омске,3000,/omsk/tovary_dlya_kompyutera/operativnaya_pamyat_1655297247
"Crucial sodimm 2x8GB 3200, 16GB 2666, 8GB 2400MHz в Омске",2500,/omsk/tovary_dlya_kompyutera/crucial_sodimm_2x8gb_3200_16gb_2666_8gb_2400mhz_2144456834
"Оперативная память для серверов,ноутбуков,пк в Омске",150,/omsk/tovary_dlya_kompyutera/operativnaya_pamyat_dlya_serverovnoutbukovpk_1877758310
Оперативная память AMD Radeon R7 Performance в Омске,2000,/omsk/tovary_dlya_kompyutera/operativnaya_pamyat_amd_radeon_r7_performance_2125306267
Оперативная память goodram irdm X 8GB 2666MHz CL16 в Омске,2500,/omsk/tovary_dlya_kompyutera/operativnaya_pamyat_goodram_irdm_x_8gb_2666mhz_cl16_2118098307
Память Lenovo IBM в Омске,12000,/omsk/tovary_dlya_kompyutera/pamyat_lenovo_ibm_2097702783
Оперативная память DDR3 2Gb в ассортименте в Омске,650,/omsk/tovary_dlya_kompyutera/operativnaya_pamyat_ddr3_2gb_v_assortimente_1885932237
Игровая оперативная память Kingston HyperX Fury 8G в Омске,2499,/omsk/tovary_dlya_kompyutera/igrovaya_operativnaya_pamyat_kingston_hyperx_fury_8g_2132643830
Оперативка corsair vengeance RGB PRO 3200 cl14 в Омске,12500,/omsk/tovary_dlya_kompyutera/operativka_corsair_vengeance_rgb_pro_3200_cl14_2063993926
Оперативная память G-Skill Sniper X в Омске,8000,/omsk/tovary_dlya_kompyutera/operativnaya_pamyat_g-skill_sniper_x_2121322004
Оперативная память для ноутбука в Омске,700,/omsk/tovary_dlya_kompyutera/operativnaya_pamyat_dlya_noutbuka_1390946052
Kingston HyperX fury Black Series (HX316C10FBK2/16 в Омске,5500,/omsk/tovary_dlya_kompyutera/kingston_hyperx_fury_black_series_hx316c10fbk216_2140750532
Опер.память Kingston 1333 мгц DDR3 PC3-10600 2Гб в Омске,1200,/omsk/tovary_dlya_kompyutera/oper.pamyat_kingston_1333_mgts_ddr3_pc3-10600_2gb_2080314086
Оперативная память в Омске,1500,/omsk/tovary_dlya_kompyutera/operativnaya_pamyat_2076149032
Память для пк и ноутбука. DDR DDR2 DDR3. Обмен в Омске,250,/omsk/tovary_dlya_kompyutera/pamyat_dlya_pk_i_noutbuka._ddr_ddr2_ddr3._obmen_659890185
Kingston Hyperx Fury Black series ddr3 16gb(4*4gb) в Омске,6000,/omsk/tovary_dlya_kompyutera/kingston_hyperx_fury_black_series_ddr3_16gb44gb_2127355147
Оперативная память в Омске,1801,/omsk/tovary_dlya_kompyutera/operativnaya_pamyat_1877893399
Оперативная память HyperX Predator RGB 8Gb в Омске,4200,/omsk/tovary_dlya_kompyutera/operativnaya_pamyat_hyperx_predator_rgb_8gb_2111473976
Sodimm Hynix (HMA425S6BJR6N-UH) 2 гб оперативка в Омске,450,/omsk/tovary_dlya_kompyutera/sodimm_hynix_hma425s6bjr6n-uh_2_gb_operativka_2096892182
Оперативная память 32GB Micron MTA36ASF4G72PZ-2G9E в Омске,11500,/omsk/tovary_dlya_kompyutera/operativnaya_pamyat_32gb_micron_mta36asf4g72pz-2g9e_2021753429
Оперативная память AMD Radeon 8 гб в Омске,2800,/omsk/tovary_dlya_kompyutera/operativnaya_pamyat_amd_radeon_8_gb_2135606489
product_name,product_price,product_link
Sodimm Kingstone DDR4 16GB в Омске,3700,/omsk/tovary_dlya_kompyutera/sodimm_kingstone_ddr4_16gb_2113369972
Оперативная память ddr4 2666gz 4gb в Омске,1200,/omsk/tovary_dlya_kompyutera/operativnaya_pamyat_ddr4_2666gz_4gb_2061189105
Оперативная память ddr4 samsung 3200 в Омске,3000,/omsk/tovary_dlya_kompyutera/operativnaya_pamyat_ddr4_samsung_3200_2092313794
Sodimm DDR4 2 * 4 gb 2666 SK hynix HMA851S6CJR6N-V в Омске,2000,/omsk/tovary_dlya_kompyutera/sodimm_ddr4_2_4_gb_2666_sk_hynix_hma851s6cjr6n-v_1780383927
Azerty DDR3 DDR4 sodimm DDR3 DDR4 4gb 8 gb в Омске,1500,/omsk/tovary_dlya_kompyutera/azerty_ddr3_ddr4_sodimm_ddr3_ddr4_4gb_8_gb_2077583636
Модуль памяти серверный DDR4 8Gb HP 2133MHz(1x8GB) в Омске,3000,/omsk/tovary_dlya_kompyutera/modul_pamyati_servernyy_ddr4_8gb_hp_2133mhz1x8gb_1767343193
Оперативная память ddr4 2666 новая в Омске,2999,/omsk/tovary_dlya_kompyutera/operativnaya_pamyat_ddr4_2666_novaya_1965686184
Оперативная память для ноутбука ddr4 обмен в Омске,900,/omsk/tovary_dlya_kompyutera/operativnaya_pamyat_dlya_noutbuka_ddr4_obmen_1977076408
Оперативная память ddr4 в Омске,1000,/omsk/tovary_dlya_kompyutera/operativnaya_pamyat_ddr4_2112045678
Ноутбучная оперативная память ddr4 4gb новая 2шт в Омске,3000,/omsk/tovary_dlya_kompyutera/noutbuchnaya_operativnaya_pamyat_ddr4_4gb_novaya_2sht_1204470358
Планка памяти для ноутбука DDR 4 8gb в Омске,3000,/omsk/tovary_dlya_kompyutera/planka_pamyati_dlya_noutbuka_ddr_4_8gb_2075319242
Оперативная память для ноутбука 4GB DDR4 в Омске,1000,/omsk/tovary_dlya_kompyutera/operativnaya_pamyat_dlya_noutbuka_4gb_ddr4_2059797348
Память для ноута ddr-4 4gb Hynix новая в Омске,1500,/omsk/tovary_dlya_kompyutera/pamyat_dlya_nouta_ddr-4_4gb_hynix_novaya_1138795327
Оперативная память DDR4-2666 2x4gb в Омске,1500,/omsk/tovary_dlya_kompyutera/operativnaya_pamyat_ddr4-2666_2x4gb_2145847602
Оперативная память ddr4 sodimm в Омске,1500,/omsk/tovary_dlya_kompyutera/operativnaya_pamyat_ddr4_sodimm_2094649299
Оперативная память ddr4 4gb в Омске,1500,/omsk/tovary_dlya_kompyutera/operativnaya_pamyat_ddr4_4gb_2119239832
Оперативная память 4Gb DDR4 SO-dimm в Омске,990,/omsk/tovary_dlya_kompyutera/operativnaya_pamyat_4gb_ddr4_so-dimm_2057720935
Оперативная память ddr4 32Gb Crucial CT32G4SFD8266 в Омске,8000,/omsk/tovary_dlya_kompyutera/operativnaya_pamyat_ddr4_32gb_crucial_ct32g4sfd8266_2061045402
Sodimm DDR4 Samsung 4Gb 2666MHz в Омске,1500,/omsk/tovary_dlya_kompyutera/sodimm_ddr4_samsung_4gb_2666mhz_2127287569
Оперативная память Samsung DDR4 16gb в Омске,4500,/omsk/tovary_dlya_kompyutera/operativnaya_pamyat_samsung_ddr4_16gb_2124655292
Оперативная память ddr4 8gb Vengeance LPX в Омске,7500,/omsk/tovary_dlya_kompyutera/operativnaya_pamyat_ddr4_8gb_vengeance_lpx_2137674423
Новая DDR4 Crucial CT2K8G4DFS8266 (Kit 2 x 8 Gb) в Омске,6000,/omsk/tovary_dlya_kompyutera/novaya_ddr4_crucial_ct2k8g4dfs8266_kit_2_x_8_gb_2128715038
So-dimm ddr4 8gb Micron 3200 Mhz в Омске,3100,/omsk/tovary_dlya_kompyutera/so-dimm_ddr4_8gb_micron_3200_mhz_2134814411
Память sodimm DDR4 4GB в Омске,1200,/omsk/tovary_dlya_kompyutera/pamyat_sodimm_ddr4_4gb_2089770494
Оперативная память amd radion r7 ddr4 2600 в Омске,2500,/omsk/tovary_dlya_kompyutera/operativnaya_pamyat_amd_radion_r7_ddr4_2600_1986724533
AMD radeon memory в Омске,1000,/omsk/tovary_dlya_kompyutera/amd_radeon_memory_2016196330
Оперативная память DDR4 ECC REG в Омске,5000,/omsk/tovary_dlya_kompyutera/operativnaya_pamyat_ddr4_ecc_reg_2100816310
"Оперативная память DDR4 (6гб,2400 мгц) в Омске",2000,/omsk/tovary_dlya_kompyutera/operativnaya_pamyat_ddr4_6gb2400_mgts_1827539324
Ddr4 самсунг 2400г 2gb в Омске,300,/omsk/tovary_dlya_kompyutera/ddr4_samsung_2400g_2gb_1880109713
Оперативная память ddr4 2x4Gb 8Gb в Омске,2400,/omsk/tovary_dlya_kompyutera/operativnaya_pamyat_ddr4_2x4gb_8gb_2094977051
Kingstone DDR3 4 gb и DDR4 4 gb в Омске,1900,/omsk/tovary_dlya_kompyutera/kingstone_ddr3_4_gb_i_ddr4_4_gb_2141802051
Планка памяти для ноутбука DDR 4 16gb в Омске,5000,/omsk/tovary_dlya_kompyutera/planka_pamyati_dlya_noutbuka_ddr_4_16gb_2075867950
Оперативная память ddr4 4gb 2400 в Омске,1300,/omsk/tovary_dlya_kompyutera/operativnaya_pamyat_ddr4_4gb_2400_2135440163
Оперативная память 8gb ddr4 3200mhz в Омске,3000,/omsk/tovary_dlya_kompyutera/operativnaya_pamyat_8gb_ddr4_3200mhz_2111303139
Ноутбучная память so-dimm ddr4 4gb Hynix новая в Омске,1500,/omsk/tovary_dlya_kompyutera/noutbuchnaya_pamyat_so-dimm_ddr4_4gb_hynix_novaya_800491753
Оперативная память ddr4 2gb 1xR16 PC4-2400T в Омске,500,/omsk/tovary_dlya_kompyutera/operativnaya_pamyat_ddr4_2gb_1xr16_pc4-2400t_2105415711
Оперативная память в Омске,1000,/omsk/tovary_dlya_kompyutera/operativnaya_pamyat_1991137180
Оперативная память SKhynix ddr4 2400 2gb в Омске,500,/omsk/tovary_dlya_kompyutera/operativnaya_pamyat_skhynix_ddr4_2400_2gb_2109128467
Оперативная память samsung ddr4 4gb x 2 в Омске,2000,/omsk/tovary_dlya_kompyutera/operativnaya_pamyat_samsung_ddr4_4gb_x_2_2043308308
Оперативная память so-dimm 2Gb 2400mhz ddr4 в Омске,700,/omsk/tovary_dlya_kompyutera/operativnaya_pamyat_so-dimm_2gb_2400mhz_ddr4_2048779318
So-dimm samsung ddr4 2 шт по 4Gb в Омске,2000,/omsk/tovary_dlya_kompyutera/so-dimm_samsung_ddr4_2_sht_po_4gb_1790155477
Оперативная память для ноутбука DDR4 4GB в Омске,1300,/omsk/tovary_dlya_kompyutera/operativnaya_pamyat_dlya_noutbuka_ddr4_4gb_1762477167
Оперативная память для ноутбука DDR4 sk hynix 2gb в Омске,500,/omsk/tovary_dlya_kompyutera/operativnaya_pamyat_dlya_noutbuka_ddr4_sk_hynix_2gb_2085654536
Оперативная память 16GB (2*8) DDR4 3200 в Омске,7000,/omsk/tovary_dlya_kompyutera/operativnaya_pamyat_16gb_28_ddr4_3200_2140530859
"Оперативная память DDR4, 4 гб, 2666 мгц, PC4 в Омске",1250,/omsk/tovary_dlya_kompyutera/operativnaya_pamyat_ddr4_4_gb_2666_mgts_pc4_1885935260
Оперативная память для ноутбука ddr4 в Омске,1500,/omsk/tovary_dlya_kompyutera/operativnaya_pamyat_dlya_noutbuka_ddr4_2141184747
Оперативная память DDR4 sk hynix 2gb 1rx16 pc4-240 в Омске,1500,/omsk/tovary_dlya_kompyutera/operativnaya_pamyat_ddr4_sk_hynix_2gb_1rx16_pc4-240_2108371036
Hynix so-dimm ddr4 2400 2gb в Омске,599,/omsk/tovary_dlya_kompyutera/hynix_so-dimm_ddr4_2400_2gb_1779202883
Оперативная память в Омске,1000,/omsk/tovary_dlya_kompyutera/operativnaya_pamyat_2007756206
Оперативная память в Омске,1100,/omsk/tovary_dlya_kompyutera/operativnaya_pamyat_2047671707
